employee_id,base_salary,market_midpoint,comp_ratio,pay_band_low,pay_band_high,last_increase_date,last_increase_pct
E10001,67500,68000,0.993,58000,79000,2025-03-17,0.027
E10002,54500,68000,0.801,58000,79000,2024-04-21,0.063
E10003,76000,76500,0.993,65000,88500,2025-10-13,0.059
E10004,68500,71500,0.958,60500,82500,2026-03-12,0.037
E10005,74000,76500,0.967,65000,88500,2025-04-16,0.041
E10006,70000,71500,0.979,60500,82500,2024-06-20,0.063
E10007,62000,60000,1.033,50500,69000,2025-04-16,0.045
E10008,67000,65000,1.031,55000,75000,2025-04-16,0.055
E10009,76000,71500,1.063,60500,82500,2024-07-20,0.046
E10010,57000,60000,0.95,50500,69000,2025-06-15,0.065
E10011,73000,68000,1.074,58000,79000,2025-08-14,0.052
E10012,74000,71500,1.035,60500,82500,2024-11-17,0.063
E10013,76500,76500,1.0,65000,88500,2025-07-15,0.059
E10014,72500,68000,1.066,58000,79000,2024-02-21,0.066
E10015,68500,60000,1.142,50500,69000,2026-02-10,0.028
E10016,73000,71500,1.021,60500,82500,2024-07-20,0.023
E10017,63500,71500,0.888,60500,82500,2025-07-15,0.053
E10018,65000,68000,0.956,58000,79000,2025-03-17,0.04
E10019,74000,76500,0.967,65000,88500,2024-01-22,0.043
E10020,82000,71500,1.147,60500,82500,2026-03-12,0.064
E10021,65000,68000,0.956,58000,79000,2024-10-18,0.025
E10022,59000,71500,0.825,60500,82500,2025-07-15,0.039
E10023,66000,65000,1.015,55000,75000,2025-08-14,0.067
E10024,62500,71500,0.874,60500,82500,2025-11-12,0.03
E10025,61500,71500,0.86,60500,82500,2025-05-16,0.068
E10026,84000,68000,1.235,58000,79000,2025-03-17,0.043
E10027,56000,65000,0.862,55000,75000,2024-06-20,0.033
E10028,83000,76500,1.085,65000,88500,2025-11-12,0.027
E10029,69500,60000,1.158,50500,69000,2026-01-11,0.028
E10030,52000,60000,0.867,50500,69000,2024-04-21,0.033
E10031,72000,65000,1.108,55000,75000,2025-03-17,0.023
E10032,80000,76500,1.046,65000,88500,2024-11-17,0.061
E10033,70500,68000,1.037,58000,79000,2024-06-20,0.043
E10034,50000,60000,0.833,50500,69000,2024-08-19,0.029
E10035,66500,65000,1.023,55000,75000,2024-07-20,0.061
E10036,65500,62000,1.056,52000,71000,2024-06-20,0.043
E10037,66000,62000,1.065,52000,71000,2025-08-14,0.063
E10038,58500,60000,0.975,50500,69000,2025-02-15,0.031
E10039,75500,71500,1.056,60500,82500,2025-08-14,0.043
E10040,67000,62000,1.081,52000,71000,2024-09-18,0.05
E10041,58500,71500,0.818,60500,82500,2025-11-12,0.046
E10042,75500,71500,1.056,60500,82500,2025-02-15,0.06
E10043,66500,71500,0.93,60500,82500,2025-06-15,0.027
E10044,61500,62000,0.992,52000,71000,2024-08-19,0.051
E10045,77000,71500,1.077,60500,82500,2025-05-16,0.052
E10046,63000,71500,0.881,60500,82500,2025-01-16,0.058
E10047,62000,62000,1.0,52000,71000,2024-10-18,0.049
E10048,70500,68000,1.037,58000,79000,2025-11-12,0.055
E10049,60500,65000,0.931,55000,75000,2025-09-13,0.047
E10050,69500,71500,0.972,60500,82500,2024-07-20,0.023
E10051,93500,100500,0.93,85000,115500,2025-11-12,0.044
E10052,101000,93500,1.08,79000,108000,2024-09-18,0.02
E10053,87500,93500,0.936,79000,108000,2024-10-18,0.021
E10054,105500,93500,1.128,79000,108000,2024-06-20,0.059
E10055,98000,93500,1.048,79000,108000,2024-02-21,0.059
E10056,101500,93500,1.086,79000,108000,2025-09-13,0.021
E10057,90500,93500,0.968,79000,108000,2025-11-12,0.036
E10058,76500,85000,0.9,72000,98000,2025-06-15,0.037
E10059,85000,89000,0.955,75500,103000,2024-05-21,0.049
E10060,75000,93500,0.802,79000,108000,2024-05-21,0.057
E10061,95500,93500,1.021,79000,108000,2024-11-17,0.056
E10062,84500,93500,0.904,79000,108000,2025-11-12,0.034
E10063,82500,93500,0.882,79000,108000,2025-02-15,0.026
E10064,75500,78000,0.968,66000,90000,2024-03-22,0.059
E10065,94500,93500,1.011,79000,108000,2025-11-12,0.066
E10066,92000,81000,1.136,68500,93000,2024-07-20,0.055
E10067,93000,93500,0.995,79000,108000,2024-09-18,0.06
E10068,72500,78000,0.929,66000,90000,2025-10-13,0.045
E10069,90500,85000,1.065,72000,98000,2025-05-16,0.068
E10070,82000,81000,1.012,68500,93000,2026-01-11,0.049
E10071,84500,85000,0.994,72000,98000,2024-10-18,0.043
E10072,103500,93500,1.107,79000,108000,2024-10-18,0.04
E10073,105500,100500,1.05,85000,115500,2024-04-21,0.022
E10074,82500,93500,0.882,79000,108000,2025-12-12,0.032
E10075,84500,81000,1.043,68500,93000,2025-10-13,0.065
E10076,81000,81000,1.0,68500,93000,2025-05-16,0.028
E10077,90500,93500,0.968,79000,108000,2024-01-22,0.034
E10078,76500,85000,0.9,72000,98000,2025-11-12,0.06
E10079,93500,100500,0.93,85000,115500,2024-04-21,0.037
E10080,79500,85000,0.935,72000,98000,2026-03-12,0.065
E10081,67500,85000,0.794,72000,98000,2024-03-22,0.054
E10082,102500,93500,1.096,79000,108000,2025-05-16,0.036
E10083,86500,85000,1.018,72000,98000,2025-02-15,0.032
E10084,99000,93500,1.059,79000,108000,2025-02-15,0.048
E10085,107000,93500,1.144,79000,108000,2025-06-15,0.027
E10086,88500,93500,0.947,79000,108000,2025-01-16,0.03
E10087,72000,78000,0.923,66000,90000,2024-04-21,0.069
E10088,85500,85000,1.006,72000,98000,2024-01-22,0.046
E10089,99000,100500,0.985,85000,115500,2024-07-20,0.036
E10090,96500,93500,1.032,79000,108000,2024-04-21,0.07
E10091,87000,81000,1.074,68500,93000,2025-07-15,0.028
E10092,88000,93500,0.941,79000,108000,2025-11-12,0.063
E10093,78500,93500,0.84,79000,108000,2024-03-22,0.034
E10094,93000,93500,0.995,79000,108000,2025-09-13,0.052
E10095,109000,100500,1.085,85000,115500,2025-12-12,0.033
E10096,96000,93500,1.027,79000,108000,2025-11-12,0.049
E10097,90000,93500,0.963,79000,108000,2025-10-13,0.063
E10098,80500,89000,0.904,75500,103000,2026-03-12,0.049
E10099,110000,100500,1.095,85000,115500,2024-03-22,0.021
E10100,85500,93500,0.914,79000,108000,2024-08-19,0.041
E10101,100000,100500,0.995,85000,115500,2024-08-19,0.025
E10102,85500,85000,1.006,72000,98000,2025-07-15,0.066
E10103,85500,81000,1.056,68500,93000,2024-08-19,0.021
E10104,69500,81000,0.858,68500,93000,2024-09-18,0.042
E10105,98000,89000,1.101,75500,103000,2024-08-19,0.064
E10106,82000,81000,1.012,68500,93000,2025-08-14,0.068
E10107,80500,78000,1.032,66000,90000,2024-08-19,0.048
E10108,77500,81000,0.957,68500,93000,2025-08-14,0.032
E10109,72500,78000,0.929,66000,90000,2025-08-14,0.049
E10110,99500,93500,1.064,79000,108000,2024-06-20,0.056
E10111,91000,85000,1.071,72000,98000,2026-03-12,0.039
E10112,90000,93500,0.963,79000,108000,2025-04-16,0.057
E10113,81500,85000,0.959,72000,98000,2026-01-11,0.027
E10114,90000,93500,0.963,79000,108000,2024-05-21,0.024
E10115,73000,85000,0.859,72000,98000,2024-03-22,0.031
E10116,88000,85000,1.035,72000,98000,2024-12-17,0.026
E10117,78500,81000,0.969,68500,93000,2025-11-12,0.063
E10118,103500,93500,1.107,79000,108000,2024-11-17,0.063
E10119,96500,93500,1.032,79000,108000,2024-08-19,0.05
E10120,90500,89000,1.017,75500,103000,2024-12-17,0.056
E10121,101000,93500,1.08,79000,108000,2024-05-21,0.041
E10122,96000,93500,1.027,79000,108000,2024-07-20,0.065
E10123,117000,133000,0.88,112000,153500,2025-04-16,0.06
E10124,114000,112500,1.013,95000,130000,2025-10-13,0.032
E10125,102000,133000,0.767,112000,153500,2025-03-17,0.04
E10126,102000,118000,0.864,100000,136500,2024-12-17,0.033
E10127,120000,118000,1.017,100000,136500,2024-12-17,0.026
E10128,121000,133000,0.91,112000,153500,2025-11-12,0.031
E10129,134500,118000,1.14,100000,136500,2025-10-13,0.045
E10130,119500,112500,1.062,95000,130000,2025-09-13,0.045
E10131,119500,124000,0.964,104500,143000,2025-08-14,0.063
E10132,104500,112500,0.929,95000,130000,2026-02-10,0.062
E10133,125500,133000,0.944,112000,153500,2025-02-15,0.031
E10134,109000,118000,0.924,100000,136500,2024-03-22,0.057
E10135,139000,124000,1.121,104500,143000,2026-03-12,0.065
E10136,119000,118000,1.008,100000,136500,2025-07-15,0.063
E10137,123500,124000,0.996,104500,143000,2025-02-15,0.022
E10138,116000,133000,0.872,112000,153500,2025-08-14,0.07
E10139,116000,112500,1.031,95000,130000,2024-04-21,0.027
E10140,141000,118000,1.195,100000,136500,2024-06-20,0.067
E10141,132500,124000,1.069,104500,143000,2025-09-13,0.062
E10142,111500,107000,1.042,90000,123500,2024-03-22,0.068
E10143,87500,103500,0.845,87500,119500,2025-09-13,0.057
E10144,124500,112500,1.107,95000,130000,2026-01-11,0.036
E10145,121500,112500,1.08,95000,130000,2025-10-13,0.056
E10146,102500,107000,0.958,90000,123500,2025-01-16,0.064
E10147,113000,133000,0.85,112000,153500,2024-08-19,0.021
E10148,95000,112500,0.844,95000,130000,2024-12-17,0.03
E10149,100500,107000,0.939,90000,123500,2024-05-21,0.062
E10150,105000,112500,0.933,95000,130000,2025-05-16,0.045
E10151,107000,103500,1.034,87500,119500,2025-01-16,0.043
E10152,128000,124000,1.032,104500,143000,2025-08-14,0.038
E10153,119000,124000,0.96,104500,143000,2025-02-15,0.058
E10154,116500,124000,0.94,104500,143000,2025-03-17,0.025
E10155,106500,118000,0.903,100000,136500,2024-03-22,0.027
E10156,104000,112500,0.924,95000,130000,2026-02-10,0.069
E10157,127000,124000,1.024,104500,143000,2024-08-19,0.027
E10158,112000,103500,1.082,87500,119500,2024-04-21,0.03
E10159,136500,112500,1.213,95000,130000,2024-01-22,0.052
E10160,116500,103500,1.126,87500,119500,2025-03-17,0.064
E10161,139000,133000,1.045,112000,153500,2024-04-21,0.046
E10162,164000,133000,1.233,112000,153500,2025-05-16,0.056
E10163,121500,124000,0.98,104500,143000,2025-03-17,0.038
E10164,149500,118000,1.267,100000,136500,2024-08-19,0.069
E10165,108500,107000,1.014,90000,123500,2024-04-21,0.049
E10166,138500,133000,1.041,112000,153500,2024-09-18,0.061
E10167,101500,118000,0.86,100000,136500,2024-08-19,0.063
E10168,126500,124000,1.02,104500,143000,2024-10-18,0.037
E10169,126000,124000,1.016,104500,143000,2024-11-17,0.045
E10170,115000,124000,0.927,104500,143000,2024-07-20,0.039
E10171,134500,124000,1.085,104500,143000,2024-05-21,0.062
E10172,107000,118000,0.907,100000,136500,2024-02-21,0.035
E10173,132500,124000,1.069,104500,143000,2026-02-10,0.067
E10174,112500,103500,1.087,87500,119500,2024-11-17,0.029
E10175,91500,103500,0.884,87500,119500,2025-12-12,0.025
E10176,138000,124000,1.113,104500,143000,2025-01-16,0.032
E10177,95500,112500,0.849,95000,130000,2025-01-16,0.035
E10178,116500,124000,0.94,104500,143000,2024-01-22,0.042
E10179,106500,103500,1.029,87500,119500,2026-02-10,0.067
E10180,108000,124000,0.871,104500,143000,2025-08-14,0.057
E10181,106000,133000,0.797,112000,153500,2024-11-17,0.059
E10182,124500,112500,1.107,95000,130000,2024-10-18,0.031
E10183,131000,133000,0.985,112000,153500,2025-03-17,0.06
E10184,129500,124000,1.044,104500,143000,2024-04-21,0.051
E10185,98500,103500,0.952,87500,119500,2026-02-10,0.025
E10186,114500,112500,1.018,95000,130000,2024-10-18,0.053
E10187,135000,124000,1.089,104500,143000,2025-03-17,0.034
E10188,105000,103500,1.014,87500,119500,2024-11-17,0.041
E10189,124500,112500,1.107,95000,130000,2024-03-22,0.047
E10190,130500,118000,1.106,100000,136500,2024-07-20,0.038
E10191,118500,107000,1.107,90000,123500,2026-02-10,0.039
E10192,121000,112500,1.076,95000,130000,2025-09-13,0.057
E10193,114000,112500,1.013,95000,130000,2025-06-15,0.04
E10194,127500,124000,1.028,104500,143000,2025-01-16,0.063
E10195,105000,133000,0.789,112000,153500,2025-03-17,0.02
E10196,111000,124000,0.895,104500,143000,2025-06-15,0.03
E10197,146500,133000,1.102,112000,153500,2024-03-22,0.021
E10198,113000,112500,1.004,95000,130000,2024-01-22,0.028
E10199,123000,133000,0.925,112000,153500,2025-06-15,0.058
E10200,108500,124000,0.875,104500,143000,2025-01-16,0.026
E10201,146000,133000,1.098,112000,153500,2025-10-13,0.062
E10202,167500,155000,1.081,131000,178500,2025-02-15,0.041
E10203,165000,162000,1.019,137500,187000,2025-06-15,0.051
E10204,144000,147500,0.976,125000,170000,2024-08-19,0.051
E10205,175500,174000,1.009,147500,200500,2026-02-10,0.029
E10206,154500,147500,1.047,125000,170000,2024-05-21,0.028
E10207,143000,162000,0.883,137500,187000,2024-11-17,0.036
E10208,127500,147500,0.864,125000,170000,2025-11-12,0.05
E10209,157000,162000,0.969,137500,187000,2025-01-16,0.042
E10210,190500,155000,1.229,131000,178500,2024-01-22,0.049
E10211,166000,174000,0.954,147500,200500,2024-07-20,0.039
E10212,167500,162000,1.034,137500,187000,2025-01-16,0.03
E10213,167000,162000,1.031,137500,187000,2026-01-11,0.059
E10214,166500,162000,1.028,137500,187000,2024-04-21,0.038
E10215,143500,155000,0.926,131000,178500,2024-11-17,0.034
E10216,160500,162000,0.991,137500,187000,2025-12-12,0.031
E10217,161500,147500,1.095,125000,170000,2025-10-13,0.066
E10218,120500,140000,0.861,119000,161500,2024-03-22,0.033
E10219,144500,162000,0.892,137500,187000,2024-09-18,0.062
E10220,169000,162000,1.043,137500,187000,2024-05-21,0.034
E10221,138500,162000,0.855,137500,187000,2024-10-18,0.046
E10222,169500,162000,1.046,137500,187000,2025-11-12,0.026
E10223,152000,174000,0.874,147500,200500,2025-03-17,0.029
E10224,123500,135500,0.911,115000,156500,2025-02-15,0.033
E10225,129000,162000,0.796,137500,187000,2025-05-16,0.039
E10226,142500,147500,0.966,125000,170000,2025-01-16,0.025
E10227,127000,140000,0.907,119000,161500,2026-03-12,0.05
E10228,144500,162000,0.892,137500,187000,2025-10-13,0.043
E10229,169500,162000,1.046,137500,187000,2025-01-16,0.04
E10230,151500,147500,1.027,125000,170000,2024-09-18,0.029
E10231,161500,162000,0.997,137500,187000,2024-05-21,0.056
E10232,146000,155000,0.942,131000,178500,2025-09-13,0.05
E10233,163000,140000,1.164,119000,161500,2025-01-16,0.034
E10234,137500,147500,0.932,125000,170000,2026-01-11,0.042
E10235,150500,140000,1.075,119000,161500,2025-07-15,0.069
E10236,150000,162000,0.926,137500,187000,2025-05-16,0.051
E10237,163500,147500,1.108,125000,170000,2024-05-21,0.022
E10238,163500,155000,1.055,131000,178500,2024-07-20,0.043
E10239,157000,174000,0.902,147500,200500,2024-05-21,0.055
E10240,130000,140000,0.929,119000,161500,2024-02-21,0.065
E10241,161000,162000,0.994,137500,187000,2025-10-13,0.063
E10242,131500,140000,0.939,119000,161500,2024-05-21,0.057
E10243,173000,174000,0.994,147500,200500,2024-04-21,0.035
E10244,151000,147500,1.024,125000,170000,2025-12-12,0.049
E10245,162000,162000,1.0,137500,187000,2026-01-11,0.038
E10246,124000,140000,0.886,119000,161500,2025-12-12,0.03
E10247,152000,147500,1.031,125000,170000,2024-05-21,0.032
E10248,154000,147500,1.044,125000,170000,2025-01-16,0.065
E10249,161500,199500,0.81,168000,231000,2024-07-20,0.059
E10250,185000,190000,0.974,160000,220000,2025-04-16,0.044
E10251,200000,209000,0.957,176000,242000,2026-01-11,0.03
E10252,196500,175000,1.123,147000,202500,2024-11-17,0.031
E10253,153500,190000,0.808,160000,220000,2024-05-21,0.021
E10254,247000,224000,1.103,189000,259500,2025-03-17,0.033
E10255,155500,175000,0.889,147000,202500,2024-04-21,0.046
E10256,150500,180500,0.834,152000,209000,2024-02-21,0.033
E10257,197500,209000,0.945,176000,242000,2024-11-17,0.046
E10258,191500,199500,0.96,168000,231000,2024-08-19,0.06
E10259,227000,224000,1.013,189000,259500,2025-10-13,0.058
E10260,169000,190000,0.889,160000,220000,2025-03-17,0.021
E10261,167500,224000,0.748,189000,259500,2024-10-18,0.049
E10262,172000,199500,0.862,168000,231000,2025-03-17,0.032
E10263,189500,180500,1.05,152000,209000,2026-02-10,0.058
E10264,208500,190000,1.097,160000,220000,2024-03-22,0.064
E10265,171500,199500,0.86,168000,231000,2025-10-13,0.02
E10266,193500,209000,0.926,176000,242000,2025-05-16,0.039
E10267,210500,190000,1.108,160000,220000,2024-09-18,0.05
E10268,155500,175000,0.889,147000,202500,2024-06-20,0.046
E10269,200000,175000,1.143,147000,202500,2025-11-12,0.044
E10270,191000,175000,1.091,147000,202500,2025-10-13,0.059
E10271,189500,190000,0.997,160000,220000,2025-11-12,0.044
E10272,179500,190000,0.945,160000,220000,2025-10-13,0.054
E10273,150000,180500,0.831,152000,209000,2024-03-22,0.023
E10274,178000,168000,1.06,143000,192500,2024-05-21,0.051
E10275,125500,152500,0.823,130000,175000,2026-02-10,0.024
E10276,158000,152500,1.036,130000,175000,2025-02-15,0.061
E10277,217000,180000,1.206,153500,206500,2025-06-15,0.031
E10278,153000,145000,1.055,123500,166000,2025-06-15,0.055
E10279,132000,140500,0.94,119500,161000,2024-04-21,0.06
E10280,141000,145000,0.972,123500,166000,2024-03-22,0.034
E10281,155500,152500,1.02,130000,175000,2025-01-16,0.033
E10282,167500,168000,0.997,143000,192500,2025-06-15,0.026
E10283,164000,152500,1.075,130000,175000,2024-07-20,0.034
E10284,137000,140500,0.975,119500,161000,2025-10-13,0.052
E10285,157000,145000,1.083,123500,166000,2025-12-12,0.034
E10286,147500,140500,1.05,119500,161000,2025-11-12,0.065
E10287,145000,168000,0.863,143000,192500,2025-09-13,0.027
E10288,141500,145000,0.976,123500,166000,2026-03-12,0.041
E10289,154000,145000,1.062,123500,166000,2024-08-19,0.038
E10290,129500,152500,0.849,130000,175000,2024-03-22,0.055
E10291,158000,168000,0.94,143000,192500,2025-07-15,0.058
E10292,145000,152500,0.951,130000,175000,2026-03-12,0.058
E10293,198500,180000,1.103,153500,206500,2025-01-16,0.052
E10294,166500,168000,0.991,143000,192500,2024-12-17,0.07
E10295,189500,180000,1.053,153500,206500,2024-12-17,0.057
E10296,224500,168000,1.336,143000,192500,2024-10-18,0.022
E10297,162500,168000,0.967,143000,192500,2024-02-21,0.036
E10298,143500,145000,0.99,123500,166000,2026-03-12,0.029
E10299,177000,168000,1.054,143000,192500,2024-08-19,0.046
E10300,160500,160000,1.003,136500,184000,2024-12-17,0.05
E10301,144500,152500,0.948,130000,175000,2025-08-14,0.038
E10302,133000,140500,0.947,119500,161000,2025-09-13,0.064
E10303,187000,180000,1.039,153500,206500,2024-09-18,0.068
E10304,121500,168000,0.723,143000,192500,2024-06-20,0.032
E10305,176000,168000,1.048,143000,192500,2024-12-17,0.042
E10306,137000,145000,0.945,123500,166000,2025-01-16,0.048
E10307,130500,140500,0.929,119500,161000,2025-02-15,0.067
E10308,142000,168000,0.845,143000,192500,2025-01-16,0.042
E10309,167000,160000,1.044,136500,184000,2026-01-11,0.04
E10310,180000,180000,1.0,153500,206500,2024-08-19,0.026
E10311,143000,152500,0.938,130000,175000,2024-08-19,0.062
E10312,179000,160000,1.119,136500,184000,2026-03-12,0.068
E10313,155000,152500,1.016,130000,175000,2025-08-14,0.067
E10314,178500,168000,1.062,143000,192500,2024-10-18,0.025
E10315,192000,180000,1.067,153500,206500,2025-07-15,0.029
E10316,160500,168000,0.955,143000,192500,2024-08-19,0.066
E10317,129500,145000,0.893,123500,166000,2024-07-20,0.044
E10318,137000,140500,0.975,119500,161000,2024-10-18,0.031
E10319,177500,168000,1.057,143000,192500,2024-01-22,0.045
E10320,123500,145000,0.852,123500,166000,2024-01-22,0.037
E10321,241500,209000,1.156,181500,236500,2025-09-13,0.031
E10322,234500,224000,1.047,194500,253500,2026-02-10,0.024
E10323,187000,224000,0.835,194500,253500,2025-10-13,0.039
E10324,205000,209000,0.981,181500,236500,2025-11-12,0.023
E10325,230000,224000,1.027,194500,253500,2026-02-10,0.053
E10326,152000,180500,0.842,157000,204000,2024-07-20,0.054
E10327,207000,199500,1.038,173000,226000,2025-04-16,0.029
E10328,197500,199500,0.99,173000,226000,2026-02-10,0.068
E10329,152000,180500,0.842,157000,204000,2025-11-12,0.058
E10330,225500,209000,1.079,181500,236500,2026-02-10,0.022
E10331,212000,190000,1.116,165000,215000,2024-06-20,0.026
E10332,207500,224000,0.926,194500,253500,2024-09-18,0.051
E10333,194500,199500,0.975,173000,226000,2024-01-22,0.041
E10334,173000,180500,0.958,157000,204000,2024-08-19,0.062
E10335,172000,209000,0.823,181500,236500,2025-06-15,0.044
E10336,142000,175000,0.811,152000,198000,2025-05-16,0.057
E10337,226000,224000,1.009,194500,253500,2026-01-11,0.035
E10338,222000,209000,1.062,181500,236500,2026-02-10,0.064
E10339,178500,180500,0.989,157000,204000,2025-12-12,0.034
E10340,212000,199500,1.063,173000,226000,2025-02-15,0.029
E10341,199000,209000,0.952,181500,236500,2025-10-13,0.05
E10342,146500,175000,0.837,152000,198000,2025-10-13,0.065
E10343,165500,224000,0.739,194500,253500,2024-06-20,0.059
E10344,190000,190000,1.0,165000,215000,2025-06-15,0.068
E10345,154500,209000,0.739,181500,236500,2024-08-19,0.045
E10346,288000,292000,0.986,248000,336500,2024-06-20,0.042
E10347,258500,260000,0.994,220500,299000,2024-05-21,0.053
E10348,238000,247500,0.962,210000,285000,2024-05-21,0.068
E10349,311000,272000,1.143,231000,313500,2024-08-19,0.034
E10350,264000,260000,1.015,220500,299000,2024-09-18,0.041
E10351,284500,247500,1.149,210000,285000,2024-02-21,0.034
E10352,229000,292000,0.784,248000,336500,2024-10-18,0.031
E10353,249500,235000,1.062,199500,271000,2025-10-13,0.044
E10354,237500,247500,0.96,210000,285000,2025-01-16,0.07
E10355,305000,272000,1.121,231000,313500,2024-04-21,0.068
E10356,252500,247500,1.02,210000,285000,2024-09-18,0.024
E10357,369500,385000,0.96,319000,451000,2025-04-16,0.049
E10358,398000,385000,1.034,319000,451000,2026-02-10,0.06
E10359,334000,350000,0.954,290000,410000,2026-01-11,0.038
E10360,344500,350000,0.984,290000,410000,2024-03-22,0.031
E10361,85500,70500,1.213,59500,81500,2025-06-15,0.058
E10362,65000,76500,0.85,65000,88500,2025-05-16,0.056
E10363,67000,76500,0.876,65000,88500,2025-04-16,0.043
E10364,89500,80500,1.112,68000,93000,2025-03-17,0.065
E10365,67000,80500,0.832,68000,93000,2024-01-22,0.038
E10366,77500,80500,0.963,68000,93000,2026-01-11,0.043
E10367,67000,70500,0.95,59500,81500,2024-03-22,0.024
E10368,79500,80500,0.988,68000,93000,2025-02-15,0.049
E10369,89500,90500,0.989,76500,104500,2024-01-22,0.056
E10370,79000,80500,0.981,68000,93000,2024-10-18,0.024
E10371,64000,70500,0.908,59500,81500,2026-01-11,0.051
E10372,82500,90500,0.912,76500,104500,2025-06-15,0.038
E10373,76000,84500,0.899,71500,97500,2024-12-17,0.036
E10374,68000,70500,0.965,59500,81500,2025-11-12,0.044
E10375,84500,84500,1.0,71500,97500,2025-12-12,0.07
E10376,64000,70500,0.908,59500,81500,2024-05-21,0.059
E10377,76500,90500,0.845,76500,104500,2025-07-15,0.063
E10378,79000,84500,0.935,71500,97500,2025-05-16,0.048
E10379,73000,73000,1.0,61500,84000,2024-11-17,0.043
E10380,64500,70500,0.915,59500,81500,2025-02-15,0.065
E10381,77000,84500,0.911,71500,97500,2024-11-17,0.051
E10382,100000,84500,1.183,71500,97500,2025-09-13,0.05
E10383,76500,76500,1.0,65000,88500,2024-05-21,0.069
E10384,72500,76500,0.948,65000,88500,2025-09-13,0.066
E10385,59500,73000,0.815,61500,84000,2024-08-19,0.027
E10386,104000,105500,0.986,89000,121500,2026-02-10,0.043
E10387,123000,118500,1.038,100500,136500,2025-12-12,0.021
E10388,89500,110500,0.81,93500,127000,2024-09-18,0.042
E10389,96000,100500,0.955,85000,115500,2024-04-21,0.034
E10390,106000,118500,0.895,100500,136500,2024-07-20,0.063
E10391,85500,100500,0.851,85000,115500,2024-11-17,0.026
E10392,103500,110500,0.937,93500,127000,2026-01-11,0.026
E10393,107500,92500,1.162,78000,106500,2024-12-17,0.039
E10394,117500,110500,1.063,93500,127000,2024-04-21,0.048
E10395,118500,110500,1.072,93500,127000,2024-05-21,0.034
E10396,136500,118500,1.152,100500,136500,2024-08-19,0.066
E10397,124000,110500,1.122,93500,127000,2024-02-21,0.041
E10398,83000,100500,0.826,85000,115500,2024-05-21,0.034
E10399,86500,92500,0.935,78000,106500,2025-06-15,0.034
E10400,93500,105500,0.886,89000,121500,2025-02-15,0.026
E10401,97500,100500,0.97,85000,115500,2024-08-19,0.035
E10402,90000,92500,0.973,78000,106500,2025-05-16,0.066
E10403,90500,110500,0.819,93500,127000,2025-07-15,0.048
E10404,114500,100500,1.139,85000,115500,2024-11-17,0.02
E10405,93500,100500,0.93,85000,115500,2024-09-18,0.045
E10406,100000,110500,0.905,93500,127000,2024-08-19,0.066
E10407,140500,118500,1.186,100500,136500,2025-04-16,0.036
E10408,105500,110500,0.955,93500,127000,2025-11-12,0.062
E10409,107500,105500,1.019,89000,121500,2024-08-19,0.056
E10410,107500,110500,0.973,93500,127000,2024-09-18,0.067
E10411,105000,110500,0.95,93500,127000,2024-12-17,0.06
E10412,88000,110500,0.796,93500,127000,2024-11-17,0.039
E10413,98000,100500,0.975,85000,115500,2024-04-21,0.039
E10414,98000,105500,0.929,89000,121500,2024-07-20,0.04
E10415,86000,92500,0.93,78000,106500,2024-12-17,0.041
E10416,111000,100500,1.104,85000,115500,2024-12-17,0.051
E10417,82500,92500,0.892,78000,106500,2024-02-21,0.046
E10418,102000,118500,0.861,100500,136500,2025-10-13,0.068
E10419,80500,110500,0.729,93500,127000,2024-08-19,0.057
E10420,113000,110500,1.023,93500,127000,2025-08-14,0.042
E10421,110000,118500,0.928,100500,136500,2024-05-21,0.044
E10422,157000,156500,1.003,132500,181000,2025-06-15,0.033
E10423,120500,133000,0.906,112000,153500,2025-09-13,0.034
E10424,122500,133000,0.921,112000,153500,2026-03-12,0.061
E10425,90500,126000,0.718,106500,145500,2025-12-12,0.065
E10426,101500,126000,0.806,106500,145500,2026-03-12,0.053
E10427,127000,146000,0.87,123500,168500,2025-01-16,0.056
E10428,146500,156500,0.936,132500,181000,2024-07-20,0.028
E10429,139500,133000,1.049,112000,153500,2024-02-21,0.03
E10430,109500,122000,0.898,103000,141000,2025-12-12,0.047
E10431,132500,122000,1.086,103000,141000,2024-04-21,0.058
E10432,106500,133000,0.801,112000,153500,2025-09-13,0.066
E10433,155500,146000,1.065,123500,168500,2024-02-21,0.056
E10434,162500,133000,1.222,112000,153500,2024-08-19,0.051
E10435,123000,126000,0.976,106500,145500,2025-02-15,0.038
E10436,116500,146000,0.798,123500,168500,2025-02-15,0.049
E10437,123000,133000,0.925,112000,153500,2026-02-10,0.025
E10438,106000,122000,0.869,103000,141000,2025-05-16,0.042
E10439,146500,146000,1.003,123500,168500,2025-04-16,0.047
E10440,134000,133000,1.008,112000,153500,2024-10-18,0.061
E10441,106000,126000,0.841,106500,145500,2024-02-21,0.058
E10442,140500,146000,0.962,123500,168500,2024-07-20,0.066
E10443,158000,146000,1.082,123500,168500,2025-09-13,0.064
E10444,143000,156500,0.914,132500,181000,2026-03-12,0.06
E10445,166500,146000,1.14,123500,168500,2024-07-20,0.036
E10446,153500,156500,0.981,132500,181000,2025-09-13,0.06
E10447,97000,122000,0.795,103000,141000,2024-05-21,0.043
E10448,151000,139500,1.082,117500,161000,2025-06-15,0.048
E10449,128000,139500,0.918,117500,161000,2025-07-15,0.044
E10450,154500,156500,0.987,132500,181000,2024-02-21,0.021
E10451,151500,146000,1.038,123500,168500,2026-01-11,0.033
E10452,123500,126000,0.98,106500,145500,2025-06-15,0.036
E10453,133500,133000,1.004,112000,153500,2025-06-15,0.052
E10454,126000,156500,0.805,132500,181000,2024-11-17,0.025
E10455,102500,122000,0.84,103000,141000,2024-10-18,0.032
E10456,117000,122000,0.959,103000,141000,2025-05-16,0.043
E10457,130500,122000,1.07,103000,141000,2024-03-22,0.058
E10458,118500,139500,0.849,117500,161000,2026-03-12,0.06
E10459,108500,146000,0.743,123500,168500,2025-12-12,0.037
E10460,130500,133000,0.981,112000,153500,2024-06-20,0.056
E10461,133500,146000,0.914,123500,168500,2025-05-16,0.024
E10462,160500,165500,0.97,140000,190500,2025-05-16,0.057
E10463,174500,191500,0.911,162000,220500,2025-03-17,0.062
E10464,177000,174000,1.017,147500,200500,2024-04-21,0.033
E10465,176000,191500,0.919,162000,220500,2024-09-18,0.042
E10466,155500,160000,0.972,135500,184500,2024-08-19,0.039
E10467,158500,165500,0.958,140000,190500,2026-03-12,0.034
E10468,126000,160000,0.787,135500,184500,2024-01-22,0.023
E10469,177500,165500,1.073,140000,190500,2025-10-13,0.029
E10470,158000,160000,0.988,135500,184500,2025-09-13,0.025
E10471,169500,174000,0.974,147500,200500,2025-05-16,0.065
E10472,187500,174000,1.078,147500,200500,2024-01-22,0.023
E10473,146000,183000,0.798,155000,210500,2025-05-16,0.043
E10474,203500,191500,1.063,162000,220500,2024-06-20,0.043
E10475,227500,183000,1.243,155000,210500,2024-12-17,0.068
E10476,184000,191500,0.961,162000,220500,2024-12-17,0.056
E10477,168500,191500,0.88,162000,220500,2024-02-21,0.044
E10478,159500,205500,0.776,174000,236500,2026-02-10,0.034
E10479,187500,205500,0.912,174000,236500,2024-07-20,0.032
E10480,197500,205500,0.961,174000,236500,2025-11-12,0.054
E10481,165000,191500,0.862,162000,220500,2024-12-17,0.061
E10482,173000,191500,0.903,162000,220500,2025-11-12,0.05
E10483,179000,174000,1.029,147500,200500,2024-07-20,0.027
E10484,150500,160000,0.941,135500,184500,2025-01-16,0.045
E10485,261500,246500,1.061,207500,285500,2024-10-18,0.063
E10486,177000,206500,0.857,173500,239000,2025-05-16,0.027
E10487,181500,213000,0.852,179500,246500,2025-01-16,0.03
E10488,216000,206500,1.046,173500,239000,2024-02-21,0.04
E10489,213000,246500,0.864,207500,285500,2024-01-22,0.031
E10490,224000,213000,1.052,179500,246500,2025-02-15,0.021
E10491,282000,264500,1.066,223000,306500,2024-04-21,0.045
E10492,250500,246500,1.016,207500,285500,2026-02-10,0.042
E10493,268000,246500,1.087,207500,285500,2024-01-22,0.053
E10494,195500,206500,0.947,173500,239000,2024-11-17,0.025
E10495,208500,206500,1.01,173500,239000,2025-06-15,0.031
E10496,226000,235500,0.96,198000,272500,2024-09-18,0.055
E10497,223500,224000,0.998,189000,259500,2024-04-21,0.054
E10498,162000,180000,0.9,153500,206500,2024-06-20,0.038
E10499,200500,165500,1.211,141000,190000,2025-05-16,0.037
E10500,201500,180000,1.119,153500,206500,2024-10-18,0.049
E10501,189500,212500,0.892,181000,243500,2024-10-18,0.03
E10502,168500,180000,0.936,153500,206500,2026-03-12,0.055
E10503,210000,212500,0.988,181000,243500,2025-09-13,0.036
E10504,166000,180000,0.922,153500,206500,2024-09-18,0.034
E10505,204500,212500,0.962,181000,243500,2024-06-20,0.031
E10506,177000,198000,0.894,168500,227000,2025-05-16,0.063
E10507,227500,212500,1.071,181000,243500,2024-02-21,0.038
E10508,197000,171000,1.152,145500,196000,2024-02-21,0.025
E10509,165500,198000,0.836,168500,227000,2025-04-16,0.027
E10510,147500,180000,0.819,153500,206500,2026-01-11,0.052
E10511,216500,212500,1.019,181000,243500,2025-11-12,0.021
E10512,157500,180000,0.875,153500,206500,2025-07-15,0.022
E10513,235000,212500,1.106,181000,243500,2024-01-22,0.049
E10514,187000,198000,0.944,168500,227000,2026-03-12,0.061
E10515,224500,212500,1.056,181000,243500,2025-05-16,0.023
E10516,168000,198000,0.848,168500,227000,2025-03-17,0.054
E10517,190000,198000,0.96,168500,227000,2024-07-20,0.051
E10518,185000,198000,0.934,168500,227000,2024-10-18,0.037
E10519,188000,180000,1.044,153500,206500,2024-01-22,0.058
E10520,149500,171000,0.874,145500,196000,2025-10-13,0.055
E10521,254000,235500,1.079,204500,266500,2024-09-18,0.064
E10522,229000,213000,1.075,185000,241000,2024-08-19,0.04
E10523,186000,206500,0.901,179000,233500,2025-03-17,0.026
E10524,184500,213000,0.866,185000,241000,2025-10-13,0.059
E10525,216500,206500,1.048,179000,233500,2024-08-19,0.057
E10526,192000,224000,0.857,194500,253500,2025-12-12,0.036
E10527,303500,264500,1.147,229500,299500,2024-02-21,0.03
E10528,176500,224000,0.788,194500,253500,2024-03-22,0.058
E10529,298500,264500,1.129,229500,299500,2025-06-15,0.032
E10530,214500,246500,0.87,214000,279000,2024-05-21,0.056
E10531,220500,224000,0.984,194500,253500,2025-05-16,0.06
E10532,237500,246500,0.963,214000,279000,2024-05-21,0.025
E10533,198000,206500,0.959,179000,233500,2026-02-10,0.048
E10534,288500,277500,1.04,235500,319500,2025-07-15,0.047
E10535,344500,344500,1.0,292500,397000,2025-02-15,0.047
E10536,277000,292000,0.949,248000,336500,2026-01-11,0.044
E10537,278000,277500,1.002,235500,319500,2024-12-17,0.056
E10538,253500,268500,0.944,228000,309500,2025-08-14,0.053
E10539,437500,454500,0.963,376500,532000,2025-04-16,0.06
E10540,425500,487500,0.873,404000,571000,2025-01-16,0.041
E10541,69500,75000,0.927,63500,86500,2024-01-22,0.06
E10542,79500,63000,1.262,53000,72500,2025-06-15,0.034
E10543,86000,75000,1.147,63500,86500,2025-09-13,0.043
E10544,89000,71500,1.245,60500,82500,2024-11-17,0.034
E10545,78500,80500,0.975,68000,93000,2025-06-15,0.06
E10546,77500,71500,1.084,60500,82500,2025-10-13,0.042
E10547,63000,63000,1.0,53000,72500,2025-12-12,0.067
E10548,69500,68000,1.022,58000,79000,2025-04-16,0.032
E10549,71500,68000,1.051,58000,79000,2024-02-21,0.058
E10550,59000,68000,0.868,58000,79000,2026-02-10,0.041
E10551,55500,71500,0.776,60500,82500,2024-03-22,0.026
E10552,77500,75000,1.033,63500,86500,2025-09-13,0.059
E10553,60000,68000,0.882,58000,79000,2026-01-11,0.029
E10554,75000,68000,1.103,58000,79000,2025-01-16,0.025
E10555,69500,75000,0.927,63500,86500,2024-11-17,0.031
E10556,68500,75000,0.913,63500,86500,2026-03-12,0.069
E10557,53500,63000,0.849,53000,72500,2024-02-21,0.024
E10558,68000,75000,0.907,63500,86500,2024-12-17,0.045
E10559,69000,89000,0.775,75500,103000,2024-11-17,0.024
E10560,102000,98000,1.041,83000,113000,2025-11-12,0.058
E10561,74500,89000,0.837,75500,103000,2025-09-13,0.054
E10562,75500,98000,0.77,83000,113000,2025-05-16,0.043
E10563,103000,98000,1.051,83000,113000,2024-12-17,0.051
E10564,74500,89000,0.837,75500,103000,2024-04-21,0.025
E10565,95500,82000,1.165,69500,94500,2024-11-17,0.062
E10566,91500,98000,0.934,83000,113000,2025-06-15,0.031
E10567,99000,105500,0.938,89000,121500,2024-03-22,0.034
E10568,85500,89000,0.961,75500,103000,2025-05-16,0.023
E10569,119500,98000,1.219,83000,113000,2025-11-12,0.064
E10570,68500,82000,0.835,69500,94500,2024-03-22,0.046
E10571,84500,82000,1.03,69500,94500,2025-12-12,0.056
E10572,88500,89000,0.994,75500,103000,2024-01-22,0.067
E10573,119000,98000,1.214,83000,113000,2024-11-17,0.064
E10574,89500,105500,0.848,89000,121500,2024-06-20,0.069
E10575,79000,98000,0.806,83000,113000,2025-11-12,0.038
E10576,92000,98000,0.939,83000,113000,2025-09-13,0.032
E10577,98500,105500,0.934,89000,121500,2024-04-21,0.052
E10578,102500,105500,0.972,89000,121500,2026-02-10,0.058
E10579,82500,89000,0.927,75500,103000,2025-01-16,0.028
E10580,86000,93500,0.92,79500,108000,2025-03-17,0.057
E10581,83500,82000,1.018,69500,94500,2024-05-21,0.057
E10582,99000,105500,0.938,89000,121500,2024-11-17,0.049
E10583,89500,93500,0.957,79500,108000,2025-12-12,0.034
E10584,93000,105500,0.882,89000,121500,2026-03-12,0.049
E10585,147500,130000,1.135,109500,150000,2025-06-15,0.039
E10586,150500,139500,1.079,117500,161000,2026-02-10,0.058
E10587,124000,130000,0.954,109500,150000,2024-06-20,0.037
E10588,133500,118000,1.131,100000,136500,2024-08-19,0.054
E10589,96000,108500,0.885,92000,125500,2026-01-11,0.068
E10590,119000,124000,0.96,104500,143500,2025-05-16,0.048
E10591,108000,112000,0.964,95000,129500,2025-01-16,0.06
E10592,108500,118000,0.919,100000,136500,2026-02-10,0.027
E10593,123000,139500,0.882,117500,161000,2025-12-12,0.054
E10594,154500,139500,1.108,117500,161000,2024-11-17,0.05
E10595,100000,130000,0.769,109500,150000,2024-03-22,0.046
E10596,101500,108500,0.935,92000,125500,2024-06-20,0.045
E10597,114000,118000,0.966,100000,136500,2024-04-21,0.055
E10598,118000,130000,0.908,109500,150000,2025-06-15,0.023
E10599,113000,112000,1.009,95000,129500,2026-03-12,0.067
E10600,103000,112000,0.92,95000,129500,2024-09-18,0.065
E10601,110500,130000,0.85,109500,150000,2024-03-22,0.069
E10602,113000,118000,0.958,100000,136500,2025-06-15,0.021
E10603,109500,124000,0.883,104500,143500,2024-07-20,0.036
E10604,101500,112000,0.906,95000,129500,2025-09-13,0.046
E10605,131000,130000,1.008,109500,150000,2025-05-16,0.056
E10606,154000,130000,1.185,109500,150000,2025-09-13,0.046
E10607,142500,130000,1.096,109500,150000,2025-09-13,0.029
E10608,88500,118000,0.75,100000,136500,2025-06-15,0.041
E10609,113000,124000,0.911,104500,143500,2025-07-15,0.028
E10610,120000,118000,1.017,100000,136500,2024-10-18,0.067
E10611,114500,118000,0.97,100000,136500,2025-05-16,0.03
E10612,135500,118000,1.148,100000,136500,2024-03-22,0.068
E10613,125500,124000,1.012,104500,143500,2025-01-16,0.037
E10614,130000,147000,0.884,124500,169500,2024-06-20,0.041
E10615,141000,147000,0.959,124500,169500,2025-12-12,0.054
E10616,133000,142500,0.933,121000,164000,2025-07-15,0.051
E10617,166000,142500,1.165,121000,164000,2025-11-12,0.062
E10618,157500,147000,1.071,124500,169500,2025-10-13,0.055
E10619,142000,147000,0.966,124500,169500,2025-07-15,0.043
E10620,150500,147000,1.024,124500,169500,2025-12-12,0.044
E10621,142500,155000,0.919,131000,178500,2026-03-12,0.038
E10622,171000,155000,1.103,131000,178500,2024-08-19,0.036
E10623,149500,162500,0.92,138000,187500,2024-10-18,0.057
E10624,127500,142500,0.895,121000,164000,2024-11-17,0.063
E10625,160500,170500,0.941,144500,196500,2025-12-12,0.032
E10626,150500,142500,1.056,121000,164000,2025-09-13,0.051
E10627,130000,155000,0.839,131000,178500,2024-10-18,0.025
E10628,147000,155000,0.948,131000,178500,2025-04-16,0.063
E10629,167000,170500,0.979,144500,196500,2024-10-18,0.049
E10630,144000,147000,0.98,124500,169500,2025-05-16,0.047
E10631,204000,219500,0.929,185000,254000,2025-07-15,0.038
E10632,205000,219500,0.934,185000,254000,2025-11-12,0.051
E10633,203500,219500,0.927,185000,254000,2024-05-21,0.042
E10634,201000,209500,0.959,176500,242500,2024-02-21,0.043
E10635,201000,199500,1.008,168000,231000,2025-06-15,0.048
E10636,180000,199500,0.902,168000,231000,2024-09-18,0.07
E10637,149500,199500,0.749,168000,231000,2025-08-14,0.048
E10638,169500,183500,0.924,154500,212500,2025-10-13,0.052
E10639,184500,183500,1.005,154500,212500,2026-01-11,0.034
E10640,162500,189000,0.86,161000,217000,2025-06-15,0.028
E10641,173500,176000,0.986,150000,202000,2024-08-19,0.03
E10642,123500,147500,0.837,125500,169000,2025-05-16,0.025
E10643,188000,189000,0.995,161000,217000,2024-10-18,0.06
E10644,121500,147500,0.824,125500,169000,2025-01-16,0.023
E10645,161000,168000,0.958,143500,193000,2026-02-10,0.037
E10646,163500,160000,1.022,136500,184000,2025-11-12,0.025
E10647,168000,189000,0.889,161000,217000,2026-03-12,0.048
E10648,170500,189000,0.902,161000,217000,2024-12-17,0.029
E10649,160000,168000,0.952,143500,193000,2024-06-20,0.036
E10650,164500,168000,0.979,143500,193000,2026-02-10,0.052
E10651,155000,160000,0.969,136500,184000,2025-12-12,0.038
E10652,164000,152000,1.079,129500,174500,2025-03-17,0.062
E10653,197500,176000,1.122,150000,202000,2026-02-10,0.052
E10654,131000,147500,0.888,125500,169000,2026-01-11,0.021
E10655,137500,160000,0.859,136500,184000,2025-02-15,0.036
E10656,184000,147500,1.247,125500,169000,2025-03-17,0.067
E10657,212000,219500,0.966,190500,248500,2025-10-13,0.032
E10658,209000,209500,0.998,182000,237000,2024-05-21,0.026
E10659,190500,189500,1.005,164500,214500,2024-08-19,0.025
E10660,200500,209500,0.957,182000,237000,2024-09-18,0.064
E10661,185500,183500,1.011,159500,207500,2024-07-20,0.068
E10662,212000,209500,1.012,182000,237000,2024-01-22,0.068
E10663,164500,183500,0.896,159500,207500,2024-05-21,0.07
E10664,176500,219500,0.804,190500,248500,2024-05-21,0.058
E10665,213000,219500,0.97,190500,248500,2025-01-16,0.047
E10666,336000,286000,1.175,242500,329000,2024-08-19,0.063
E10667,235000,260000,0.904,220500,299000,2025-04-16,0.031
E10668,303500,286000,1.061,242500,329000,2025-06-15,0.037
E10669,271500,286000,0.949,242500,329000,2025-05-16,0.031
E10670,359500,404500,0.889,335000,473500,2024-01-22,0.034
E10671,60500,63000,0.96,53000,72500,2025-09-13,0.051
E10672,88500,80500,1.099,68000,93000,2024-05-21,0.034
E10673,98000,75000,1.307,63500,86500,2024-03-22,0.061
E10674,71500,75000,0.953,63500,86500,2024-06-20,0.048
E10675,71500,80500,0.888,68000,93000,2024-02-21,0.063
E10676,66000,80500,0.82,68000,93000,2024-10-18,0.049
E10677,64000,75000,0.853,63500,86500,2026-01-11,0.036
E10678,56500,63000,0.897,53000,72500,2024-03-22,0.061
E10679,74000,68000,1.088,58000,79000,2024-03-22,0.034
E10680,61000,63000,0.968,53000,72500,2025-01-16,0.032
E10681,74500,68000,1.096,58000,79000,2024-09-18,0.031
E10682,62000,65000,0.954,55000,75000,2025-11-12,0.037
E10683,87000,80500,1.081,68000,93000,2026-01-11,0.03
E10684,95500,98000,0.974,83000,113000,2024-01-22,0.063
E10685,88000,85000,1.035,72000,98000,2024-02-21,0.032
E10686,97500,105500,0.924,89000,121500,2024-05-21,0.025
E10687,108000,98000,1.102,83000,113000,2025-01-16,0.03
E10688,88500,82000,1.079,69500,94500,2025-12-12,0.031
E10689,84000,89000,0.944,75500,103000,2025-01-16,0.054
E10690,90500,89000,1.017,75500,103000,2025-06-15,0.033
E10691,78000,85000,0.918,72000,98000,2024-06-20,0.066
E10692,86500,93500,0.925,79500,108000,2024-07-20,0.062
E10693,79000,93500,0.845,79500,108000,2024-05-21,0.042
E10694,87000,85000,1.024,72000,98000,2024-03-22,0.062
E10695,75500,89000,0.848,75500,103000,2025-01-16,0.042
E10696,86500,89000,0.972,75500,103000,2024-12-17,0.068
E10697,80500,89000,0.904,75500,103000,2025-08-14,0.024
E10698,96500,82000,1.177,69500,94500,2025-08-14,0.024
E10699,79500,89000,0.893,75500,103000,2025-11-12,0.037
E10700,100000,93500,1.07,79500,108000,2024-08-19,0.034
E10701,103000,98000,1.051,83000,113000,2025-07-15,0.031
E10702,120000,118000,1.017,100000,136500,2025-04-16,0.026
E10703,142500,139500,1.022,117500,161000,2025-03-17,0.031
E10704,114000,130000,0.877,109500,150000,2025-10-13,0.045
E10705,140000,118000,1.186,100000,136500,2024-05-21,0.068
E10706,142500,130000,1.096,109500,150000,2024-06-20,0.053
E10707,127500,130000,0.981,109500,150000,2025-05-16,0.026
E10708,141500,139500,1.014,117500,161000,2024-02-21,0.031
E10709,131000,112000,1.17,95000,129500,2025-05-16,0.034
E10710,143000,118000,1.212,100000,136500,2025-01-16,0.068
E10711,145500,130000,1.119,109500,150000,2024-12-17,0.063
E10712,148500,139500,1.065,117500,161000,2026-03-12,0.02
E10713,115500,124000,0.931,104500,143500,2026-01-11,0.026
E10714,135500,130000,1.042,109500,150000,2024-12-17,0.03
E10715,121500,139500,0.871,117500,161000,2025-12-12,0.038
E10716,100500,108500,0.926,92000,125500,2025-04-16,0.067
E10717,114500,130000,0.881,109500,150000,2024-12-17,0.07
E10718,139000,130000,1.069,109500,150000,2025-01-16,0.055
E10719,128000,108500,1.18,92000,125500,2025-10-13,0.059
E10720,125500,130000,0.965,109500,150000,2025-06-15,0.036
E10721,142000,139500,1.018,117500,161000,2024-03-22,0.037
E10722,145500,170500,0.853,144500,196500,2025-04-16,0.059
E10723,143000,162500,0.88,138000,187500,2024-08-19,0.057
E10724,155000,170500,0.909,144500,196500,2024-09-18,0.024
E10725,175500,170500,1.029,144500,196500,2025-11-12,0.061
E10726,190000,170500,1.114,144500,196500,2024-11-17,0.061
E10727,180000,183000,0.984,155000,210500,2025-12-12,0.065
E10728,136000,147000,0.925,124500,169500,2025-03-17,0.044
E10729,163500,170500,0.959,144500,196500,2024-01-22,0.06
E10730,206500,170500,1.211,144500,196500,2024-05-21,0.032
E10731,137500,147000,0.935,124500,169500,2024-02-21,0.04
E10732,188500,170500,1.106,144500,196500,2025-12-12,0.026
E10733,148500,147000,1.01,124500,169500,2025-05-16,0.069
E10734,172500,189500,0.91,159500,219500,2024-10-18,0.028
E10735,227000,235500,0.964,198000,272500,2024-07-20,0.055
E10736,206500,199500,1.035,168000,231000,2026-01-11,0.066
E10737,256500,235500,1.089,198000,272500,2024-02-21,0.062
E10738,210000,219500,0.957,185000,254000,2025-06-15,0.025
E10739,162500,199500,0.815,168000,231000,2024-10-18,0.034
E10740,133000,152000,0.875,129500,174500,2025-01-16,0.052
E10741,156000,147500,1.058,125500,169000,2025-03-17,0.066
E10742,153000,160000,0.956,136500,184000,2024-09-18,0.06
E10743,178500,176000,1.014,150000,202000,2025-02-15,0.031
E10744,168500,176000,0.957,150000,202000,2025-08-14,0.047
E10745,164000,168000,0.976,143500,193000,2024-08-19,0.045
E10746,144000,160000,0.9,136500,184000,2025-08-14,0.062
E10747,160000,168000,0.952,143500,193000,2024-10-18,0.064
E10748,148000,176000,0.841,150000,202000,2025-10-13,0.025
E10749,164000,160000,1.025,136500,184000,2024-12-17,0.063
E10750,206500,176000,1.173,150000,202000,2025-03-17,0.043
E10751,156500,160000,0.978,136500,184000,2026-01-11,0.023
E10752,260000,235500,1.104,204500,266500,2025-05-16,0.054
E10753,209000,183500,1.139,159500,207500,2025-09-13,0.031
E10754,197500,199500,0.99,173000,226000,2024-01-22,0.047
E10755,269500,235500,1.144,204500,266500,2024-05-21,0.047
E10756,198000,219500,0.902,190500,248500,2024-09-18,0.02
E10757,215500,235500,0.915,204500,266500,2025-02-15,0.04
E10758,334500,286000,1.17,242500,329000,2024-02-21,0.023
E10759,257000,260000,0.988,220500,299000,2025-02-15,0.066
E10760,283000,306500,0.923,260000,353000,2024-09-18,0.022
E10761,349000,404500,0.863,335000,473500,2024-02-21,0.053
E10762,64000,62000,1.032,52000,71000,2025-05-16,0.037
E10763,63000,62000,1.016,52000,71000,2024-10-18,0.033
E10764,67500,62000,1.089,52000,71000,2024-05-21,0.067
E10765,68000,62000,1.097,52000,71000,2025-08-14,0.03
E10766,56500,58500,0.966,49500,67500,2025-10-13,0.044
E10767,59500,58500,1.017,49500,67500,2024-06-20,0.026
E10768,68500,62000,1.105,52000,71000,2024-06-20,0.022
E10769,72000,62000,1.161,52000,71000,2026-01-11,0.036
E10770,62500,73000,0.856,61500,84000,2024-04-21,0.022
E10771,55000,58500,0.94,49500,67500,2024-05-21,0.036
E10772,58000,62000,0.935,52000,71000,2024-09-18,0.036
E10773,83000,74500,1.114,63000,85500,2024-01-22,0.067
E10774,90500,85000,1.065,72000,98000,2024-12-17,0.04
E10775,88500,89000,0.994,75000,102500,2025-12-12,0.055
E10776,76500,74500,1.027,63000,85500,2024-09-18,0.027
E10777,75000,95500,0.785,80500,110000,2024-08-19,0.067
E10778,91500,95500,0.958,80500,110000,2025-01-16,0.028
E10779,86000,85000,1.012,72000,98000,2025-05-16,0.04
E10780,82500,89000,0.927,75000,102500,2024-10-18,0.07
E10781,80000,89000,0.899,75000,102500,2025-12-12,0.053
E10782,76000,76500,0.993,65000,88500,2024-01-22,0.056
E10783,96000,89000,1.079,75000,102500,2025-01-16,0.043
E10784,97500,95500,1.021,80500,110000,2025-10-13,0.041
E10785,64000,81000,0.79,68500,93000,2025-06-15,0.069
E10786,101000,89000,1.135,75000,102500,2025-03-17,0.053
E10787,88500,89000,0.994,75000,102500,2026-01-11,0.044
E10788,70000,89000,0.787,75000,102500,2024-08-19,0.025
E10789,103000,107000,0.963,90000,123500,2025-12-12,0.058
E10790,99500,126000,0.79,106500,145500,2024-06-20,0.026
E10791,111000,107000,1.037,90000,123500,2024-01-22,0.023
E10792,112000,117500,0.953,99500,136000,2024-08-19,0.025
E10793,116000,117500,0.987,99500,136000,2024-03-22,0.027
E10794,126500,112000,1.129,95000,129500,2024-01-22,0.03
E10795,130000,126000,1.032,106500,145500,2025-03-17,0.024
E10796,118500,126000,0.94,106500,145500,2025-05-16,0.031
E10797,102000,98500,1.036,83000,113500,2024-12-17,0.026
E10798,120500,112000,1.076,95000,129500,2024-07-20,0.027
E10799,105000,112000,0.938,95000,129500,2024-06-20,0.07
E10800,133000,126000,1.056,106500,145500,2026-02-10,0.03
E10801,115000,117500,0.979,99500,136000,2026-01-11,0.029
E10802,118500,126000,0.94,106500,145500,2025-09-13,0.06
E10803,108000,107000,1.009,90000,123500,2024-01-22,0.042
E10804,107000,117500,0.911,99500,136000,2025-11-12,0.052
E10805,107000,101500,1.054,85500,117500,2024-09-18,0.05
E10806,116000,126000,0.921,106500,145500,2024-03-22,0.067
E10807,154500,140000,1.104,119000,161500,2024-07-20,0.068
E10808,131500,129000,1.019,109000,148500,2024-02-21,0.041
E10809,147000,133000,1.105,113000,153500,2026-03-12,0.023
E10810,135000,140000,0.964,119000,161500,2024-03-22,0.05
E10811,147000,154000,0.955,130500,177500,2025-11-12,0.045
E10812,149500,140000,1.068,119000,161500,2024-06-20,0.065
E10813,135000,140000,0.964,119000,161500,2025-11-12,0.035
E10814,162500,165500,0.982,140000,190500,2025-01-16,0.044
E10815,151500,154000,0.984,130500,177500,2024-10-18,0.027
E10816,96500,129000,0.748,109000,148500,2025-06-15,0.064
E10817,163500,198500,0.824,167000,230000,2025-03-17,0.035
E10818,220000,189500,1.161,159500,219500,2024-08-19,0.05
E10819,187500,180500,1.039,152000,209000,2024-09-18,0.068
E10820,215000,198500,1.083,167000,230000,2025-01-16,0.032
E10821,203000,198500,1.023,167000,230000,2025-09-13,0.048
E10822,204000,198500,1.028,167000,230000,2025-09-13,0.03
E10823,171500,171000,1.003,145500,196000,2024-06-20,0.027
E10824,138000,159500,0.865,136000,183000,2025-05-16,0.052
E10825,180000,171000,1.053,145500,196000,2025-06-15,0.069
E10826,175000,171000,1.023,145500,196000,2024-09-18,0.049
E10827,133000,152000,0.875,129500,174500,2024-02-21,0.053
E10828,169500,159500,1.063,136000,183000,2024-06-20,0.026
E10829,183000,159500,1.147,136000,183000,2025-06-15,0.06
E10830,149000,145000,1.028,123500,166000,2025-02-15,0.055
E10831,183500,159500,1.15,136000,183000,2024-05-21,0.039
E10832,115500,133500,0.865,113500,153000,2025-04-16,0.054
E10833,209000,198500,1.053,172500,224500,2026-01-11,0.06
E10834,183500,166000,1.105,144000,188000,2024-09-18,0.063
E10835,210500,213000,0.988,185000,241000,2026-03-12,0.064
E10836,157500,180500,0.873,157000,204000,2024-08-19,0.044
E10837,235500,213000,1.106,185000,241000,2024-11-17,0.056
E10838,183000,171500,1.067,149000,194000,2025-03-17,0.047
E10839,237500,258500,0.919,219500,298000,2025-11-12,0.025
E10840,207000,223500,0.926,189500,257000,2025-06-15,0.021
E10841,352500,349000,1.01,289500,409000,2026-02-10,0.064
E10842,80000,61500,1.301,52000,71000,2025-04-16,0.034
E10843,64000,69000,0.928,58500,79500,2024-10-18,0.047
E10844,72500,69000,1.051,58500,79500,2026-02-10,0.061
E10845,57000,61500,0.927,52000,71000,2026-03-12,0.063
E10846,59500,58500,1.017,49500,67500,2024-05-21,0.06
E10847,53000,58500,0.906,49500,67500,2024-10-18,0.026
E10848,52500,54000,0.972,45500,62000,2024-01-22,0.025
E10849,70000,61500,1.138,52000,71000,2025-04-16,0.046
E10850,73500,70500,1.043,59500,81000,2025-12-12,0.042
E10851,63500,84000,0.756,71500,97000,2025-06-15,0.048
E10852,98500,90500,1.088,76500,104000,2026-03-12,0.052
E10853,82000,76500,1.072,65000,88000,2025-08-14,0.03
E10854,65500,70500,0.929,59500,81000,2025-02-15,0.043
E10855,83000,84000,0.988,71500,97000,2024-05-21,0.069
E10856,75500,84000,0.899,71500,97000,2024-09-18,0.033
E10857,79500,76500,1.039,65000,88000,2025-03-17,0.023
E10858,83500,84000,0.994,71500,97000,2024-07-20,0.037
E10859,63000,72500,0.869,61500,84000,2025-05-16,0.03
E10860,87500,84000,1.042,71500,97000,2024-05-21,0.048
E10861,69500,76500,0.908,65000,88000,2025-03-17,0.062
E10862,115500,111500,1.036,94000,128500,2025-03-17,0.049
E10863,98000,101000,0.97,85500,117000,2025-03-17,0.033
E10864,103500,111500,0.928,94000,128500,2025-02-15,0.043
E10865,101500,119500,0.849,101000,138000,2024-10-18,0.024
E10866,85000,111500,0.762,94000,128500,2025-09-13,0.046
E10867,93000,96000,0.969,81000,111000,2024-06-20,0.064
E10868,113500,101000,1.124,85500,117000,2025-10-13,0.036
E10869,102000,106500,0.958,90000,123000,2024-12-17,0.052
E10870,107500,101000,1.064,85500,117000,2025-11-12,0.068
E10871,92000,93000,0.989,78500,107500,2025-09-13,0.067
E10872,120500,106500,1.131,90000,123000,2024-10-18,0.053
E10873,114500,119500,0.958,101000,138000,2025-03-17,0.029
E10874,118000,101000,1.168,85500,117000,2024-01-22,0.065
E10875,129000,126000,1.024,107000,145500,2025-04-16,0.063
E10876,121500,122000,0.996,103500,141000,2024-01-22,0.044
E10877,128500,146000,0.88,124000,168500,2025-02-15,0.065
E10878,142000,133000,1.068,112500,153000,2025-11-12,0.043
E10879,149000,146000,1.021,124000,168500,2025-06-15,0.053
E10880,148500,156500,0.949,133000,180500,2024-06-20,0.055
E10881,134500,122000,1.102,103500,141000,2025-11-12,0.055
E10882,146000,146000,1.0,124000,168500,2025-11-12,0.057
E10883,183500,179500,1.022,151000,208000,2026-03-12,0.022
E10884,136000,157500,0.863,132500,182000,2026-01-11,0.062
E10885,198500,202000,0.983,170000,233500,2024-07-20,0.062
E10886,166000,179500,0.925,151000,208000,2026-03-12,0.055
E10887,116000,130500,0.889,111000,149500,2025-11-12,0.057
E10888,134000,137000,0.978,117000,157500,2024-04-21,0.036
E10889,151500,137000,1.106,117000,157500,2024-12-17,0.05
E10890,129000,130500,0.989,111000,149500,2024-06-20,0.057
E10891,183500,162000,1.133,138000,186000,2025-02-15,0.021
E10892,127000,151000,0.841,128500,173000,2025-11-12,0.025
E10893,138500,162000,0.855,138000,186000,2026-01-11,0.061
E10894,134000,126500,1.059,107500,145000,2025-11-12,0.025
E10895,212500,188000,1.13,163500,213000,2024-07-20,0.033
E10896,156000,188000,0.83,163500,213000,2024-02-21,0.042
E10897,157500,162500,0.969,141000,184000,2025-02-15,0.031
E10898,228000,202000,1.129,175000,228500,2025-01-16,0.065
E10899,194000,223000,0.87,189000,256500,2024-02-21,0.039
E10900,226000,245000,0.922,208000,282000,2024-05-21,0.047
E10901,360500,346500,1.04,287000,406000,2024-08-19,0.066
E10902,72000,71500,1.007,60500,82500,,
E10903,68500,76500,0.895,65000,88500,,
E10904,200500,209000,0.959,176000,242000,,
E10905,86500,85000,1.018,72000,98000,,
E10906,107500,133000,0.808,112000,153500,,
E10907,55500,71500,0.776,60500,82500,,
E10908,157500,160000,0.984,136500,184000,,
E10909,174000,168000,1.036,143000,192500,,
E10910,218500,224000,0.975,194500,253500,,
E10911,159000,190000,0.837,160000,220000,,
E10912,211000,224000,0.942,189000,259500,,
E10913,172500,162000,1.065,137500,187000,,
E10914,63000,60000,1.05,50500,69000,,
E10915,215000,209000,1.029,176000,242000,,
E10916,94000,89000,1.056,75500,103000,,
E10917,82000,89000,0.921,75500,103000,,
E10918,138500,145000,0.955,123500,166000,,
E10919,144500,124000,1.165,104500,143000,,
E10920,171000,168000,1.018,143000,192500,,
E10921,110000,118000,0.932,100000,136500,,
E10922,189000,199500,0.947,173000,226000,,
E10923,273500,292000,0.937,248000,336500,,
E10924,128500,118000,1.089,100000,136500,,
E10925,84000,89000,0.944,75500,103000,,
E10926,94000,93500,1.005,79000,108000,,
E10927,188500,209000,0.902,176000,242000,,
E10928,90000,81000,1.111,68500,93000,,
E10929,98000,93500,1.048,79000,108000,,
E10930,84500,78000,1.083,66000,90000,,
E10931,70000,65000,1.077,55000,75000,,
E10932,94000,81000,1.16,68500,93000,,
E10933,107000,112500,0.951,95000,130000,,
E10934,55500,60000,0.925,50500,69000,,
E10935,68000,68000,1.0,58000,79000,,
E10936,76000,71500,1.063,60500,82500,,
E10937,199000,209000,0.952,181500,236500,,
E10938,120500,145000,0.831,123500,166000,,
E10939,200000,224000,0.893,194500,253500,,
E10940,98000,107000,0.916,90000,123500,,
E10941,152000,133000,1.143,112000,153500,,
E10942,153500,140000,1.096,119000,161500,,
E10943,77500,65000,1.192,55000,75000,,
E10944,176500,145000,1.217,123500,166000,,
E10945,83500,81000,1.031,68500,93000,,
E10946,136000,112500,1.209,95000,130000,,
E10947,147500,140500,1.05,119500,161000,,
E10948,97000,93500,1.037,79000,108000,,
E10949,102000,100500,1.015,85000,115500,,
E10950,118500,124000,0.956,104500,143000,,
E10951,212000,199500,1.063,168000,231000,,
E10952,101500,103500,0.981,87500,119500,,
E10953,276500,292000,0.947,248000,336500,,
E10954,104500,100500,1.04,85000,115500,,
E10955,224000,190000,1.179,165000,215000,,
E10956,158000,168000,0.94,143000,192500,,
E10957,184500,175000,1.054,152000,198000,,
E10958,84500,85000,0.994,72000,98000,,
E10959,265000,260000,1.019,220500,299000,,
E10960,285500,260000,1.098,220500,299000,,
E10961,78000,93500,0.834,79000,108000,,
E10962,140500,162000,0.867,137500,187000,,
E10963,153000,145000,1.055,123500,166000,,
E10964,181000,180500,1.003,152000,209000,,
E10965,142000,152500,0.931,130000,175000,,
E10966,94500,93500,1.011,79000,108000,,
E10967,65500,68000,0.963,58000,79000,,
E10968,142000,152500,0.931,130000,175000,,
E10969,162500,152500,1.066,130000,175000,,
E10970,65500,71500,0.916,60500,82500,,
E10971,83500,89000,0.938,75500,103000,,
E10972,168500,180000,0.936,153500,206500,,
E10973,103500,107000,0.967,90000,123500,,
E10974,144000,168000,0.857,143000,192500,,
E10975,80500,93500,0.861,79000,108000,,
E10976,130500,124000,1.052,104500,143000,,
E10977,75500,71500,1.056,60500,82500,,
E10978,134000,135500,0.989,115000,156500,,
E10979,141000,124000,1.137,104500,143000,,
E10980,77500,93500,0.829,79000,108000,,
E10981,95000,103500,0.918,87500,119500,,
E10982,73000,68000,1.074,58000,79000,,
E10983,105000,103500,1.014,87500,119500,,
E10984,128000,133000,0.962,112000,153500,,
E10985,82500,100500,0.821,85000,115500,,
E10986,159000,145000,1.097,123500,166000,,
E10987,174000,175000,0.994,152000,198000,,
E10988,113500,107000,1.061,90000,123500,,
E10989,140000,145000,0.966,123500,166000,,
E10990,78000,76500,1.02,65000,88500,,
E10991,96000,103500,0.928,87500,119500,,
E10992,80000,76500,1.046,65000,88500,,
E10993,65500,78000,0.84,66000,90000,,
E10994,201000,162000,1.241,137500,187000,,
E10995,150000,147500,1.017,125000,170000,,
E10996,125500,140000,0.896,119000,161500,,
E10997,65500,71500,0.916,60500,82500,,
E10998,158000,162000,0.975,137500,187000,,
E10999,134500,118000,1.14,100000,136500,,
E11000,52500,62000,0.847,52000,71000,,
E11001,103000,103500,0.995,87500,119500,,
E11002,67000,65000,1.031,55000,75000,,
E11003,120500,124000,0.972,104500,143000,,
E11004,148500,152500,0.974,130000,175000,,
E11005,156500,135500,1.155,115000,156500,,
E11006,179000,162000,1.105,137500,187000,,
E11007,102000,112500,0.907,95000,130000,,
E11008,91000,93500,0.973,79000,108000,,
E11009,128000,160000,0.8,136500,184000,,
E11010,85500,93500,0.914,79000,108000,,
E11011,201500,180500,1.116,152000,209000,,
E11012,152500,162000,0.941,137500,187000,,
E11013,75500,81000,0.932,68500,93000,,
E11014,110500,112500,0.982,95000,130000,,
E11015,178000,174000,1.023,147500,200500,,
E11016,165500,168000,0.985,143000,192500,,
E11017,66000,60000,1.1,50500,69000,,
E11018,152000,162000,0.938,137500,187000,,
E11019,171000,160000,1.069,136500,184000,,
E11020,171000,140000,1.221,119000,161500,,
E11021,218000,199500,1.093,168000,231000,,
E11022,125000,133000,0.94,112000,153500,,
E11023,166000,168000,0.988,143000,192500,,
E11024,94500,89000,1.062,75500,103000,,
E11025,79500,78000,1.019,66000,90000,,
E11026,79000,78000,1.013,66000,90000,,
E11027,152000,145000,1.048,123500,166000,,
E11028,173500,168000,1.033,143000,192500,,
E11029,158000,152500,1.036,130000,175000,,
E11030,154000,152500,1.01,130000,175000,,
E11031,212000,199500,1.063,168000,231000,,
E11032,160500,162000,0.991,137500,187000,,
E11033,80000,78000,1.026,66000,90000,,
E11034,62500,65000,0.962,55000,75000,,
E11035,121500,118000,1.03,100000,136500,,
E11036,175000,168000,1.042,143000,192500,,
E11037,182500,190000,0.961,160000,220000,,
E11038,113500,124000,0.915,104500,143000,,
E11039,245000,224000,1.094,194500,253500,,
E11040,151500,145000,1.045,123500,166000,,
E11041,208000,209000,0.995,176000,242000,,
E11042,282000,292000,0.966,248000,336500,,
E11043,78000,78000,1.0,66000,90000,,
E11044,138500,118000,1.174,100000,136500,,
E11045,59000,65000,0.908,55000,75000,,
E11046,96500,89000,1.084,75500,103000,,
E11047,92500,93500,0.989,79000,108000,,
E11048,63500,68000,0.934,58000,79000,,
E11049,74000,71500,1.035,60500,82500,,
E11050,92000,85000,1.082,72000,98000,,
E11051,90500,89000,1.017,75500,103000,,
E11052,78000,81000,0.963,68500,93000,,
E11053,153500,135500,1.133,115000,156500,,
E11054,205500,190000,1.082,160000,220000,,
E11055,73000,78000,0.936,66000,90000,,
E11056,179500,152500,1.177,130000,175000,,
E11057,142000,140500,1.011,119500,161000,,
E11058,72500,81000,0.895,68500,93000,,
E11059,211500,209000,1.012,176000,242000,,
E11060,296000,260000,1.138,220500,299000,,
E11061,149000,124000,1.202,104500,143000,,
E11062,261500,247500,1.057,210000,285000,,
E11063,167000,180000,0.928,153500,206500,,
E11064,151500,140000,1.082,119000,161500,,
E11065,135500,124000,1.093,104500,143000,,
E11066,101000,140000,0.721,119000,161500,,
E11067,86000,85000,1.012,72000,98000,,
E11068,103500,103500,1.0,87500,119500,,
E11069,305000,260000,1.173,220500,299000,,
E11070,187000,168000,1.113,143000,192500,,
E11071,85500,100500,0.851,85000,115500,,
E11072,109000,85000,1.282,72000,98000,,
E11073,118500,112500,1.053,95000,130000,,
E11074,168000,190000,0.884,160000,220000,,
E11075,106000,107000,0.991,90000,123500,,
E11076,162000,147500,1.098,125000,170000,,
E11077,113000,100500,1.124,85000,115500,,
E11078,123000,124000,0.992,104500,143000,,
E11079,82500,78000,1.058,66000,90000,,
E11080,88000,89000,0.989,75500,103000,,
E11081,93000,93500,0.995,79000,108000,,
E11082,91000,85000,1.071,72000,98000,,
E11083,185500,162000,1.145,137500,187000,,
E11084,130500,147500,0.885,125000,170000,,
E11085,129500,133000,0.974,112000,153500,,
E11086,158500,175000,0.906,152000,198000,,
E11087,146000,162000,0.901,137500,187000,,
E11088,135000,140000,0.964,119000,161500,,
E11089,131000,147500,0.888,125000,170000,,
E11090,83500,85000,0.982,72000,98000,,
E11091,180000,199500,0.902,168000,231000,,
E11092,183000,174000,1.052,147500,200500,,
E11093,95500,100500,0.95,85000,115500,,
E11094,104000,118500,0.878,100500,136500,,
E11095,254000,206500,1.23,179000,233500,,
E11096,55500,76500,0.725,65000,88500,,
E11097,75500,73000,1.034,61500,84000,,
E11098,76500,84500,0.905,71500,97500,,
E11099,139000,118500,1.173,100500,136500,,
E11100,177000,146000,1.212,123500,168500,,
E11101,166000,171000,0.971,145500,196000,,
E11102,227500,246500,0.923,214000,279000,,
E11103,171000,165500,1.033,140000,190500,,
E11104,202000,191500,1.055,162000,220500,,
E11105,177500,183000,0.97,155000,210500,,
E11106,69500,84500,0.822,71500,97500,,
E11107,118000,105500,1.118,89000,121500,,
E11108,68000,70500,0.965,59500,81500,,
E11109,158000,165500,0.955,141000,190000,,
E11110,76000,84500,0.899,71500,97500,,
E11111,90500,76500,1.183,65000,88500,,
E11112,87000,80500,1.081,68000,93000,,
E11113,88000,95500,0.921,80500,110000,,
E11114,292500,306500,0.954,260000,353000,,
E11115,253000,235500,1.074,204500,266500,,
E11116,223000,246500,0.905,214000,279000,,
E11117,93000,90500,1.028,76500,104500,,
E11118,117500,133000,0.883,112000,153500,,
E11119,77000,90500,0.851,76500,104500,,
E11120,153000,160000,0.956,135500,184500,,
E11121,172000,189000,0.91,161000,217000,,
E11122,155000,146000,1.062,123500,168500,,
E11123,169500,171000,0.991,145500,196000,,
E11124,121000,133000,0.91,112000,153500,,
E11125,75000,70500,1.064,59500,81500,,
E11126,173500,165500,1.048,140000,190500,,
E11127,208500,198000,1.053,168500,227000,,
E11128,156000,146000,1.068,123500,168500,,
E11129,250500,246500,1.016,207500,285500,,
E11130,328000,344500,0.952,292500,397000,,
E11131,82500,90500,0.912,76500,104500,,
E11132,94500,100500,0.94,85000,115500,,
E11133,128500,146000,0.88,123500,168500,,
E11134,97500,92500,1.054,78000,106500,,
E11135,453500,454500,0.998,376500,532000,,
E11136,78500,76500,1.026,65000,88500,,
E11137,72000,95500,0.754,80500,110000,,
E11138,140500,156500,0.898,132500,181000,,
E11139,104500,110500,0.946,93500,127000,,
E11140,109500,92500,1.184,78000,106500,,
E11141,221500,224000,0.989,189000,259500,,
E11142,161000,139500,1.154,117500,161000,,
E11143,112000,110500,1.014,93500,127000,,
E11144,67500,70500,0.957,59500,81500,,
E11145,168000,171000,0.982,145500,196000,,
E11146,119500,133000,0.898,112000,153500,,
E11147,200000,224000,0.893,189000,259500,,
E11148,138000,139500,0.989,117500,161000,,
E11149,226000,198000,1.141,168500,227000,,
E11150,105500,126000,0.837,106500,145500,,
E11151,237500,246500,0.963,207500,285500,,
E11152,177500,174000,1.02,147500,200500,,
E11153,190000,198000,0.96,168500,227000,,
E11154,187000,205500,0.91,174000,236500,,
E11155,127500,118500,1.076,100500,136500,,
E11156,66500,73000,0.911,61500,84000,,
E11157,107500,122000,0.881,103000,141000,,
E11158,75000,84500,0.888,71500,97500,,
E11159,151000,191500,0.789,162000,220500,,
E11160,151000,174000,0.868,147500,200500,,
E11161,84500,84500,1.0,71500,97500,,
E11162,178000,198000,0.899,168500,227000,,
E11163,83000,85000,0.976,72000,98000,,
E11164,76000,85000,0.894,72000,98000,,
E11165,107000,112000,0.955,95000,129500,,
E11166,152000,170500,0.891,144500,196500,,
E11167,174000,170500,1.021,144500,196500,,
E11168,106000,98000,1.082,83000,113000,,
E11169,53500,63000,0.849,53000,72500,,
E11170,116500,130000,0.896,109500,150000,,
E11171,121500,108500,1.12,92000,125500,,
E11172,189500,183000,1.036,155000,210500,,
E11173,73000,75000,0.973,63500,86500,,
E11174,181500,189000,0.96,161000,217000,,
E11175,223500,219500,1.018,185000,254000,,
E11176,81500,105500,0.773,89000,121500,,
E11177,96500,105500,0.915,89000,121500,,
E11178,60000,68000,0.882,58000,79000,,
E11179,90000,108500,0.829,92000,125500,,
E11180,72000,82000,0.878,69500,94500,,
E11181,145000,160000,0.906,136500,184000,,
E11182,71500,82000,0.872,69500,94500,,
E11183,60000,68000,0.882,58000,79000,,
E11184,80500,89000,0.904,75500,103000,,
E11185,96000,118000,0.814,100000,136500,,
E11186,194000,152000,1.276,129500,174500,,
E11187,65500,75000,0.873,63500,86500,,
E11188,121500,130000,0.935,109500,150000,,
E11189,72000,68000,1.059,58000,79000,,
E11190,172000,170500,1.009,144500,196500,,
E11191,139000,124000,1.121,104500,143500,,
E11192,117500,147000,0.799,124500,169500,,
E11193,104000,105500,0.986,89000,121500,,
E11194,197000,235500,0.837,198000,272500,,
E11195,118500,112000,1.058,95000,129500,,
E11196,124500,147000,0.847,124500,169500,,
E11197,98000,98000,1.0,83000,113000,,
E11198,73000,85000,0.859,72000,98000,,
E11199,144000,152000,0.947,129500,174500,,
E11200,296500,209500,1.415,176500,242500,,
E11201,161500,176000,0.918,150000,202000,,
E11202,136000,147500,0.922,125500,169000,,
E11203,105000,98000,1.071,83000,113000,,
E11204,192500,183000,1.052,155000,210500,,
E11205,98000,98000,1.0,83000,113000,,
E11206,206000,209500,0.983,182000,237000,,
E11207,88500,98000,0.903,83000,113000,,
E11208,149500,147500,1.014,125500,169000,,
E11209,55000,63000,0.873,53000,72500,,
E11210,67000,80500,0.832,68000,93000,,
E11211,262500,286000,0.918,242500,329000,,
E11212,106500,108500,0.982,92000,125500,,
E11213,98500,112000,0.879,95000,129500,,
E11214,84500,85000,0.994,72000,98000,,
E11215,127500,124000,1.028,104500,143500,,
E11216,66500,75000,0.887,63500,86500,,
E11217,108000,98000,1.102,83000,113000,,
E11218,118000,108500,1.088,92000,125500,,
E11219,71000,82000,0.866,69500,94500,,
E11220,161500,176000,0.918,150000,202000,,
E11221,174000,219500,0.793,185000,254000,,
E11222,385000,338000,1.139,280000,396000,,
E11223,110500,130000,0.85,109500,150000,,
E11224,73000,82000,0.89,69500,94500,,
E11225,227500,199500,1.14,168000,231000,,
E11226,135500,160000,0.847,136500,184000,,
E11227,111500,147000,0.759,124500,169500,,
E11228,82000,82000,1.0,69500,94500,,
E11229,51500,71500,0.72,60500,82500,,
E11230,114500,93500,1.225,79500,108000,,
E11231,196500,176000,1.116,150000,202000,,
E11232,97000,105500,0.919,89000,121500,,
E11233,130500,152000,0.859,129500,174500,,
E11234,76000,93500,0.813,79500,108000,,
E11235,217000,219500,0.989,190500,248500,,
E11236,67000,75000,0.893,63500,86500,,
E11237,206000,219500,0.938,185000,254000,,
E11238,175500,170500,1.029,144500,196500,,
E11239,134500,139500,0.964,117500,161000,,
E11240,64000,63000,1.016,53000,72500,,
E11241,189500,176000,1.077,150000,202000,,
E11242,144000,139500,1.032,117500,161000,,
E11243,100500,105500,0.953,89000,121500,,
E11244,114500,130000,0.881,109500,150000,,
E11245,80500,75000,1.073,63500,86500,,
E11246,171500,170500,1.006,144500,196500,,
E11247,196500,189000,1.04,161000,217000,,
E11248,184000,176000,1.045,150000,202000,,
E11249,136000,170500,0.798,144500,196500,,
E11250,110000,93500,1.176,79500,108000,,
E11251,92500,98000,0.944,83000,113000,,
E11252,185000,162500,1.138,138000,187500,,
E11253,88500,85000,1.041,72000,98000,,
E11254,255000,286000,0.892,242500,329000,,
E11255,70000,75000,0.933,63500,86500,,
E11256,110000,118000,0.932,100000,136500,,
E11257,92000,98000,0.939,83000,113000,,
E11258,92500,112000,0.826,95000,129500,,
E11259,103500,112000,0.924,95000,129500,,
E11260,136000,124000,1.097,104500,143500,,
E11261,137500,124000,1.109,104500,143500,,
E11262,121000,130000,0.931,109500,150000,,
E11263,178500,219500,0.813,185000,254000,,
E11264,90000,85000,1.059,72000,98000,,
E11265,97000,108500,0.894,92000,125500,,
E11266,101000,112000,0.902,95000,129500,,
E11267,138500,142500,0.972,121000,164000,,
E11268,113000,117500,0.962,99500,136000,,
E11269,152500,165500,0.921,140000,190500,,
E11270,104500,112000,0.933,95000,129500,,
E11271,73000,76500,0.954,65000,88500,,
E11272,109000,117500,0.928,99500,136000,,
E11273,69500,74500,0.933,63000,85500,,
E11274,165500,171000,0.968,145500,196000,,
E11275,165000,159500,1.034,136000,183000,,
E11276,97500,95500,1.021,80500,110000,,
E11277,139000,147000,0.946,124500,169500,,
E11278,95000,98500,0.964,83000,113500,,
E11279,101000,89000,1.135,75000,102500,,
E11280,62500,57000,1.096,48000,65500,,
E11281,133000,126000,1.056,106500,145500,,
E11282,127000,154000,0.825,130500,177500,,
E11283,148500,147000,1.01,124500,169500,,
E11284,135000,145000,0.931,123500,166000,,
E11285,120500,133500,0.903,113500,153000,,
E11286,65500,68000,0.963,57500,78500,,
E11287,139500,126000,1.107,106500,145500,,
E11288,137500,126000,1.091,106500,145500,,
E11289,178000,189500,0.939,159500,219500,,
E11290,73500,73000,1.007,61500,84000,,
E11291,97500,101500,0.961,85500,117500,,
E11292,298500,306000,0.975,253500,358500,,
E11293,198500,180500,1.1,152000,209000,,
E11294,179500,180500,0.994,152000,209000,,
E11295,175500,213000,0.824,179500,246500,,
E11296,90000,89000,1.011,75000,102500,,
E11297,251500,213000,1.181,179500,246500,,
E11298,57500,62000,0.927,52000,71000,,
E11299,102500,89000,1.152,75000,102500,,
E11300,119000,112000,1.062,95000,129500,,
E11301,99500,89000,1.118,75000,102500,,
E11302,116000,107000,1.084,90000,123500,,
E11303,114000,112000,1.018,95000,129500,,
E11304,169500,180500,0.939,157000,204000,,
E11305,128500,126000,1.02,106500,145500,,
E11306,58000,57000,1.018,48000,65500,,
E11307,62500,57000,1.096,48000,65500,,
E11308,74000,95500,0.775,80500,110000,,
E11309,84500,98500,0.858,83000,113500,,
E11310,97500,95500,1.021,80500,110000,,
E11311,121500,117500,1.034,99500,136000,,
E11312,134500,147000,0.915,124500,169500,,
E11313,93500,90500,1.033,76500,104000,,
E11314,96500,90500,1.066,76500,104000,,
E11315,176000,179500,0.981,156000,203000,,
E11316,205000,179500,1.142,151000,208000,,
E11317,169500,146000,1.161,124000,168500,,
E11318,65000,64500,1.008,54500,74000,,
E11319,101000,93000,1.086,78500,107500,,
E11320,110000,133000,0.827,112500,153000,,
E11321,123500,111500,1.108,94000,128500,,
E11322,152000,133000,1.143,112500,153000,,
E11323,48500,54000,0.898,45500,62000,,
E11324,138500,130500,1.061,111000,149500,,
E11325,99000,122000,0.811,103500,141000,,
E11326,83000,90500,0.917,76500,104000,,
E11327,55500,58500,0.949,49500,67500,,
